sinifId,sinifIsmi,dersId,dersNo,dersKodu,dersIsmi,interaktifKitapLink,pdfIndirmeLink,zipIndirmeLink,kitapThumbnailLink
7,10. Sınıf,6,1,BIY,Biyoloji,https://ogmmateryal.eba.gov.tr/panel/upload/etkilesimli/kitap/beceri_temelli/10/biyoloji/index.html,http://ogmmateryal.eba.gov.tr/panel/upload/etkilesimli/kitap/beceri_temelli/pdf/10/biyoloji.pdf,https://ogmmateryal.eba.gov.tr/panel/upload/etkilesimli/kitap/beceri_temelli/10/biyoloji/biyoloji.zip,https://ogmmateryal.eba.gov.tr/panel/upload/etkilesimli/kitap/beceri_temelli/10/biyoloji/files/thumb/1.jpg
7,10. Sınıf,6,1,BIY,Biyoloji,https://ogmmateryal.eba.gov.tr/panel/upload/etkilesimli/kitap/beceri_temelli/kilavuz/index.html,,https://ogmmateryal.eba.gov.tr/panel/upload/etkilesimli/kitap/beceri_temelli/kilavuz/kilavuz.zip,https://ogmmateryal.eba.gov.tr/panel/upload/etkilesimli/kitap/beceri_temelli/kilavuz/files/thumb/1.jpg
7,10. Sınıf,10,2,COG,Coğrafya,https://ogmmateryal.eba.gov.tr/panel/upload/etkilesimli/kitap/beceri_temelli/10/cografya/index.html,http://ogmmateryal.eba.gov.tr/panel/upload/etkilesimli/kitap/beceri_temelli/pdf/10/cografya.pdf,https://ogmmateryal.eba.gov.tr/panel/upload/etkilesimli/kitap/beceri_temelli/10/cografya/cografya.zip,https://ogmmateryal.eba.gov.tr/panel/upload/etkilesimli/kitap/beceri_temelli/10/cografya/files/thumb/1.jpg
7,10. Sınıf,10,2,COG,Coğrafya,https://ogmmateryal.eba.gov.tr/panel/upload/etkilesimli/kitap/beceri_temelli/kilavuz/index.html,,https://ogmmateryal.eba.gov.tr/panel/upload/etkilesimli/kitap/beceri_temelli/kilavuz/kilavuz.zip,https://ogmmateryal.eba.gov.tr/panel/upload/etkilesimli/kitap/beceri_temelli/kilavuz/files/thumb/1.jpg
7,10. Sınıf,99,14,DIKAB,Din Kültürü ve Ahlâk Bilgisi,https://ogmmateryal.eba.gov.tr/panel/upload/etkilesimli/kitap/beceri_temelli/kilavuz/index.html,,https://ogmmateryal.eba.gov.tr/panel/upload/etkilesimli/kitap/beceri_temelli/kilavuz/kilavuz.zip,https://ogmmateryal.eba.gov.tr/panel/upload/etkilesimli/kitap/beceri_temelli/kilavuz/files/thumb/1.jpg
7,10. Sınıf,14,3,FEL,Felsefe,http://ogmmateryal.eba.gov.tr/panel/upload/etkilesimli/kitap/beceri_temelli/10/felsefe/index.html,http://ogmmateryal.eba.gov.tr/panel/upload/etkilesimli/kitap/beceri_temelli/pdf/10/felsefe.pdf,https://ogmmateryal.eba.gov.tr/panel/upload/etkilesimli/kitap/beceri_temelli/10/felsefe/felsefe.zip,https://ogmmateryal.eba.gov.tr/panel/upload/etkilesimli/kitap/beceri_temelli/10/felsefe/files/thumb/1.jpg
7,10. Sınıf,14,3,FEL,Felsefe,https://ogmmateryal.eba.gov.tr/panel/upload/etkilesimli/kitap/beceri_temelli/kilavuz/index.html,,https://ogmmateryal.eba.gov.tr/panel/upload/etkilesimli/kitap/beceri_temelli/kilavuz/kilavuz.zip,https://ogmmateryal.eba.gov.tr/panel/upload/etkilesimli/kitap/beceri_temelli/kilavuz/files/thumb/1.jpg
7,10. Sınıf,17,4,FBIY,Fen Lisesi Biyoloji,https://ogmmateryal.eba.gov.tr/panel/upload/etkilesimli/kitap/beceri_temelli/kilavuz/index.html,,https://ogmmateryal.eba.gov.tr/panel/upload/etkilesimli/kitap/beceri_temelli/kilavuz/kilavuz.zip,https://ogmmateryal.eba.gov.tr/panel/upload/etkilesimli/kitap/beceri_temelli/kilavuz/files/thumb/1.jpg
7,10. Sınıf,21,5,FFIZ,Fen Lisesi Fizik,https://ogmmateryal.eba.gov.tr/panel/upload/etkilesimli/kitap/beceri_temelli/kilavuz/index.html,,https://ogmmateryal.eba.gov.tr/panel/upload/etkilesimli/kitap/beceri_temelli/kilavuz/kilavuz.zip,https://ogmmateryal.eba.gov.tr/panel/upload/etkilesimli/kitap/beceri_temelli/kilavuz/files/thumb/1.jpg
7,10. Sınıf,25,6,FKIM,Fen Lisesi Kimya,https://ogmmateryal.eba.gov.tr/panel/upload/etkilesimli/kitap/beceri_temelli/kilavuz/index.html,,https://ogmmateryal.eba.gov.tr/panel/upload/etkilesimli/kitap/beceri_temelli/kilavuz/kilavuz.zip,https://ogmmateryal.eba.gov.tr/panel/upload/etkilesimli/kitap/beceri_temelli/kilavuz/files/thumb/1.jpg
7,10. Sınıf,29,7,FMAT,Fen Lisesi Matematik,https://ogmmateryal.eba.gov.tr/panel/upload/etkilesimli/kitap/beceri_temelli/kilavuz/index.html,,https://ogmmateryal.eba.gov.tr/panel/upload/etkilesimli/kitap/beceri_temelli/kilavuz/kilavuz.zip,https://ogmmateryal.eba.gov.tr/panel/upload/etkilesimli/kitap/beceri_temelli/kilavuz/files/thumb/1.jpg
7,10. Sınıf,33,8,FIZ,Fizik,https://ogmmateryal.eba.gov.tr/panel/upload/etkilesimli/kitap/beceri_temelli/10/fizik/index.html,http://ogmmateryal.eba.gov.tr/panel/upload/etkilesimli/kitap/beceri_temelli/pdf/10/fizik.pdf,https://ogmmateryal.eba.gov.tr/panel/upload/etkilesimli/kitap/beceri_temelli/10/fizik/fizik.zip,https://ogmmateryal.eba.gov.tr/panel/upload/etkilesimli/kitap/beceri_temelli/10/fizik/files/thumb/1.jpg
7,10. Sınıf,33,8,FIZ,Fizik,https://ogmmateryal.eba.gov.tr/panel/upload/etkilesimli/kitap/beceri_temelli/kilavuz/index.html,,https://ogmmateryal.eba.gov.tr/panel/upload/etkilesimli/kitap/beceri_temelli/kilavuz/kilavuz.zip,https://ogmmateryal.eba.gov.tr/panel/upload/etkilesimli/kitap/beceri_temelli/kilavuz/files/thumb/1.jpg
7,10. Sınıf,172,27,GSN,Görsel Sanatlar,https://ogmmateryal.eba.gov.tr/panel/upload/etkilesimli/kitap/beceri_temelli/kilavuz/index.html,,https://ogmmateryal.eba.gov.tr/panel/upload/etkilesimli/kitap/beceri_temelli/kilavuz/kilavuz.zip,https://ogmmateryal.eba.gov.tr/panel/upload/etkilesimli/kitap/beceri_temelli/kilavuz/files/thumb/1.jpg
7,10. Sınıf,41,9,ING,İngilizce,https://ogmmateryal.eba.gov.tr/panel/upload/etkilesimli/kitap/beceri_temelli/10/ingilizce/index.html,http://ogmmateryal.eba.gov.tr/panel/upload/etkilesimli/kitap/beceri_temelli/pdf/10/ingilizce.pdf,https://ogmmateryal.eba.gov.tr/panel/upload/etkilesimli/kitap/beceri_temelli/10/ingilizce/ingilizce.zip,https://ogmmateryal.eba.gov.tr/panel/upload/etkilesimli/kitap/beceri_temelli/10/ingilizce/files/thumb/1.jpg
7,10. Sınıf,41,9,ING,İngilizce,,,https://ogmmateryal.eba.gov.tr/panel/upload/etkilesimli/kitap/beceri_temelli/10/ingilizce/10.zip,https://ogmmateryal.eba.gov.tr/panel/upload/etkilesimli/kitap/beceri_temelli/10/ingilizce/10.jpg
7,10. Sınıf,41,9,ING,İngilizce,https://ogmmateryal.eba.gov.tr/panel/upload/etkilesimli/kitap/beceri_temelli/kilavuz/index.html,,https://ogmmateryal.eba.gov.tr/panel/upload/etkilesimli/kitap/beceri_temelli/kilavuz/kilavuz.zip,https://ogmmateryal.eba.gov.tr/panel/upload/etkilesimli/kitap/beceri_temelli/kilavuz/files/thumb/1.jpg
7,10. Sınıf,126,15,BING,İngilizce (Beceri Temelli),https://ogmmateryal.eba.gov.tr/panel/upload/etkilesimli/kitap/beceri_temelli/kilavuz/index.html,,https://ogmmateryal.eba.gov.tr/panel/upload/etkilesimli/kitap/beceri_temelli/kilavuz/kilavuz.zip,https://ogmmateryal.eba.gov.tr/panel/upload/etkilesimli/kitap/beceri_temelli/kilavuz/files/thumb/1.jpg
7,10. Sınıf,45,10,KIM,Kimya,https://ogmmateryal.eba.gov.tr/panel/upload/etkilesimli/kitap/beceri_temelli/10/kimya/index.html,http://ogmmateryal.eba.gov.tr/panel/upload/etkilesimli/kitap/beceri_temelli/pdf/10/kimya.pdf,https://ogmmateryal.eba.gov.tr/panel/upload/etkilesimli/kitap/beceri_temelli/10/kimya/kimya.zip,https://ogmmateryal.eba.gov.tr/panel/upload/etkilesimli/kitap/beceri_temelli/10/kimya/files/thumb/1.jpg
7,10. Sınıf,45,10,KIM,Kimya,https://ogmmateryal.eba.gov.tr/panel/upload/etkilesimli/kitap/beceri_temelli/kilavuz/index.html,,https://ogmmateryal.eba.gov.tr/panel/upload/etkilesimli/kitap/beceri_temelli/kilavuz/kilavuz.zip,https://ogmmateryal.eba.gov.tr/panel/upload/etkilesimli/kitap/beceri_temelli/kilavuz/files/thumb/1.jpg
7,10. Sınıf,49,11,MAT,Matematik,https://ogmmateryal.eba.gov.tr/panel/upload/etkilesimli/kitap/beceri_temelli/10/matematik/index.html,http://ogmmateryal.eba.gov.tr/panel/upload/etkilesimli/kitap/beceri_temelli/pdf/10/matematik.pdf,https://ogmmateryal.eba.gov.tr/panel/upload/etkilesimli/kitap/beceri_temelli/10/matematik/matematik.zip,https://ogmmateryal.eba.gov.tr/panel/upload/etkilesimli/kitap/beceri_temelli/10/matematik/files/thumb/1.jpg
7,10. Sınıf,49,11,MAT,Matematik,https://ogmmateryal.eba.gov.tr/panel/upload/etkilesimli/kitap/beceri_temelli/kilavuz/index.html,,https://ogmmateryal.eba.gov.tr/panel/upload/etkilesimli/kitap/beceri_temelli/kilavuz/kilavuz.zip,https://ogmmateryal.eba.gov.tr/panel/upload/etkilesimli/kitap/beceri_temelli/kilavuz/files/thumb/1.jpg
7,10. Sınıf,176,28,MZK,Müzik,https://ogmmateryal.eba.gov.tr/panel/upload/etkilesimli/kitap/beceri_temelli/kilavuz/index.html,,https://ogmmateryal.eba.gov.tr/panel/upload/etkilesimli/kitap/beceri_temelli/kilavuz/kilavuz.zip,https://ogmmateryal.eba.gov.tr/panel/upload/etkilesimli/kitap/beceri_temelli/kilavuz/files/thumb/1.jpg
7,10. Sınıf,56,12,TAR,Tarih,https://ogmmateryal.eba.gov.tr/panel/upload/etkilesimli/kitap/beceri_temelli/10/tarih/index.html,http://ogmmateryal.eba.gov.tr/panel/upload/etkilesimli/kitap/beceri_temelli/pdf/10/tarih.pdf,https://ogmmateryal.eba.gov.tr/panel/upload/etkilesimli/kitap/beceri_temelli/10/tarih/tarih.zip,https://ogmmateryal.eba.gov.tr/panel/upload/etkilesimli/kitap/beceri_temelli/10/tarih/files/thumb/1.jpg
7,10. Sınıf,56,12,TAR,Tarih,https://ogmmateryal.eba.gov.tr/panel/upload/etkilesimli/kitap/beceri_temelli/kilavuz/index.html,,https://ogmmateryal.eba.gov.tr/panel/upload/etkilesimli/kitap/beceri_temelli/kilavuz/kilavuz.zip,https://ogmmateryal.eba.gov.tr/panel/upload/etkilesimli/kitap/beceri_temelli/kilavuz/files/thumb/1.jpg
7,10. Sınıf,59,13,TDE,Türk Dili ve Edebiyatı,https://ogmmateryal.eba.gov.tr/panel/upload/etkilesimli/kitap/beceri_temelli/10/turkdiliveedebiyati/index.html,http://ogmmateryal.eba.gov.tr/panel/upload/etkilesimli/kitap/beceri_temelli/pdf/10/tde.pdf,https://ogmmateryal.eba.gov.tr/panel/upload/etkilesimli/kitap/beceri_temelli/10/turkdiliveedebiyati/turkdiliveedebiyati.zip,https://ogmmateryal.eba.gov.tr/panel/upload/etkilesimli/kitap/beceri_temelli/10/turkdiliveedebiyati/files/thumb/1.jpg
7,10. Sınıf,59,13,TDE,Türk Dili ve Edebiyatı,https://ogmmateryal.eba.gov.tr/panel/upload/etkilesimli/kitap/beceri_temelli/kilavuz/index.html,,https://ogmmateryal.eba.gov.tr/panel/upload/etkilesimli/kitap/beceri_temelli/kilavuz/kilavuz.zip,https://ogmmateryal.eba.gov.tr/panel/upload/etkilesimli/kitap/beceri_temelli/kilavuz/files/thumb/1.jpg
8,11. Sınıf,7,1,BIY,Biyoloji,https://ogmmateryal.eba.gov.tr/panel/upload/etkilesimli/kitap/beceri_temelli/11/biyoloji/index.html,http://ogmmateryal.eba.gov.tr/panel/upload/etkilesimli/kitap/beceri_temelli/pdf/11/biyoloji.pdf,https://ogmmateryal.eba.gov.tr/panel/upload/etkilesimli/kitap/beceri_temelli/11/biyoloji/biyoloji.zip,https://ogmmateryal.eba.gov.tr/panel/upload/etkilesimli/kitap/beceri_temelli/11/biyoloji/files/thumb/1.jpg
8,11. Sınıf,7,1,BIY,Biyoloji,https://ogmmateryal.eba.gov.tr/panel/upload/etkilesimli/kitap/beceri_temelli/kilavuz/index.html,,https://ogmmateryal.eba.gov.tr/panel/upload/etkilesimli/kitap/beceri_temelli/kilavuz/kilavuz.zip,https://ogmmateryal.eba.gov.tr/panel/upload/etkilesimli/kitap/beceri_temelli/kilavuz/files/thumb/1.jpg
8,11. Sınıf,11,2,COG,Coğrafya,https://ogmmateryal.eba.gov.tr/panel/upload/etkilesimli/kitap/beceri_temelli/11/cografya/index.html,http://ogmmateryal.eba.gov.tr/panel/upload/etkilesimli/kitap/beceri_temelli/pdf/11/cografya.pdf,https://ogmmateryal.eba.gov.tr/panel/upload/etkilesimli/kitap/beceri_temelli/11/cografya/cografya.zip,https://ogmmateryal.eba.gov.tr/panel/upload/etkilesimli/kitap/beceri_temelli/11/cografya/files/thumb/1.jpg
8,11. Sınıf,11,2,COG,Coğrafya,https://ogmmateryal.eba.gov.tr/panel/upload/etkilesimli/kitap/beceri_temelli/kilavuz/index.html,,https://ogmmateryal.eba.gov.tr/panel/upload/etkilesimli/kitap/beceri_temelli/kilavuz/kilavuz.zip,https://ogmmateryal.eba.gov.tr/panel/upload/etkilesimli/kitap/beceri_temelli/kilavuz/files/thumb/1.jpg
8,11. Sınıf,100,15,DIKAB,Din Kültürü ve Ahlâk Bilgisi,https://ogmmateryal.eba.gov.tr/panel/upload/etkilesimli/kitap/beceri_temelli/kilavuz/index.html,,https://ogmmateryal.eba.gov.tr/panel/upload/etkilesimli/kitap/beceri_temelli/kilavuz/kilavuz.zip,https://ogmmateryal.eba.gov.tr/panel/upload/etkilesimli/kitap/beceri_temelli/kilavuz/files/thumb/1.jpg
8,11. Sınıf,15,3,FEL,Felsefe,http://ogmmateryal.eba.gov.tr/panel/upload/etkilesimli/kitap/beceri_temelli/11/felsefe/index.html,http://ogmmateryal.eba.gov.tr/panel/upload/etkilesimli/kitap/beceri_temelli/pdf/11/felsefe.pdf,https://ogmmateryal.eba.gov.tr/panel/upload/etkilesimli/kitap/beceri_temelli/11/felsefe/felsefe.zip,https://ogmmateryal.eba.gov.tr/panel/upload/etkilesimli/kitap/beceri_temelli/11/felsefe/files/thumb/2.jpg
8,11. Sınıf,15,3,FEL,Felsefe,https://ogmmateryal.eba.gov.tr/panel/upload/etkilesimli/kitap/beceri_temelli/kilavuz/index.html,,https://ogmmateryal.eba.gov.tr/panel/upload/etkilesimli/kitap/beceri_temelli/kilavuz/kilavuz.zip,https://ogmmateryal.eba.gov.tr/panel/upload/etkilesimli/kitap/beceri_temelli/kilavuz/files/thumb/1.jpg
8,11. Sınıf,18,4,FBIY,Fen Lisesi Biyoloji,https://ogmmateryal.eba.gov.tr/panel/upload/etkilesimli/kitap/beceri_temelli/kilavuz/index.html,,https://ogmmateryal.eba.gov.tr/panel/upload/etkilesimli/kitap/beceri_temelli/kilavuz/kilavuz.zip,https://ogmmateryal.eba.gov.tr/panel/upload/etkilesimli/kitap/beceri_temelli/kilavuz/files/thumb/1.jpg
8,11. Sınıf,22,5,FFIZ,Fen Lisesi Fizik,https://ogmmateryal.eba.gov.tr/panel/upload/etkilesimli/kitap/beceri_temelli/kilavuz/index.html,,https://ogmmateryal.eba.gov.tr/panel/upload/etkilesimli/kitap/beceri_temelli/kilavuz/kilavuz.zip,https://ogmmateryal.eba.gov.tr/panel/upload/etkilesimli/kitap/beceri_temelli/kilavuz/files/thumb/1.jpg
8,11. Sınıf,26,6,FKIM,Fen Lisesi Kimya,https://ogmmateryal.eba.gov.tr/panel/upload/etkilesimli/kitap/beceri_temelli/kilavuz/index.html,,https://ogmmateryal.eba.gov.tr/panel/upload/etkilesimli/kitap/beceri_temelli/kilavuz/kilavuz.zip,https://ogmmateryal.eba.gov.tr/panel/upload/etkilesimli/kitap/beceri_temelli/kilavuz/files/thumb/1.jpg
8,11. Sınıf,30,7,FMAT,Fen Lisesi Matematik,https://ogmmateryal.eba.gov.tr/panel/upload/etkilesimli/kitap/beceri_temelli/kilavuz/index.html,,https://ogmmateryal.eba.gov.tr/panel/upload/etkilesimli/kitap/beceri_temelli/kilavuz/kilavuz.zip,https://ogmmateryal.eba.gov.tr/panel/upload/etkilesimli/kitap/beceri_temelli/kilavuz/files/thumb/1.jpg
8,11. Sınıf,34,8,FIZ,Fizik,https://ogmmateryal.eba.gov.tr/panel/upload/etkilesimli/kitap/beceri_temelli/11/fizik/index.html,http://ogmmateryal.eba.gov.tr/panel/upload/etkilesimli/kitap/beceri_temelli/pdf/11/fizik.pdf,https://ogmmateryal.eba.gov.tr/panel/upload/etkilesimli/kitap/beceri_temelli/11/fizik/fizik.zip,https://ogmmateryal.eba.gov.tr/panel/upload/etkilesimli/kitap/beceri_temelli/11/fizik/files/thumb/1.jpg
8,11. Sınıf,34,8,FIZ,Fizik,https://ogmmateryal.eba.gov.tr/panel/upload/etkilesimli/kitap/beceri_temelli/kilavuz/index.html,,https://ogmmateryal.eba.gov.tr/panel/upload/etkilesimli/kitap/beceri_temelli/kilavuz/kilavuz.zip,https://ogmmateryal.eba.gov.tr/panel/upload/etkilesimli/kitap/beceri_temelli/kilavuz/files/thumb/1.jpg
8,11. Sınıf,173,27,GSN,Görsel Sanatlar,https://ogmmateryal.eba.gov.tr/panel/upload/etkilesimli/kitap/beceri_temelli/kilavuz/index.html,,https://ogmmateryal.eba.gov.tr/panel/upload/etkilesimli/kitap/beceri_temelli/kilavuz/kilavuz.zip,https://ogmmateryal.eba.gov.tr/panel/upload/etkilesimli/kitap/beceri_temelli/kilavuz/files/thumb/1.jpg
8,11. Sınıf,42,9,ING,İngilizce,https://ogmmateryal.eba.gov.tr/panel/upload/etkilesimli/kitap/beceri_temelli/11/ingilizce/index.html,http://ogmmateryal.eba.gov.tr/panel/upload/etkilesimli/kitap/beceri_temelli/pdf/11/ingilizce.pdf,https://ogmmateryal.eba.gov.tr/panel/upload/etkilesimli/kitap/beceri_temelli/11/ingilizce/ingilizce.zip,https://ogmmateryal.eba.gov.tr/panel/upload/etkilesimli/kitap/beceri_temelli/11/ingilizce/files/thumb/1.jpg
8,11. Sınıf,42,9,ING,İngilizce,,,https://ogmmateryal.eba.gov.tr/panel/upload/etkilesimli/kitap/beceri_temelli/11/ingilizce/11.zip,https://ogmmateryal.eba.gov.tr/panel/upload/etkilesimli/kitap/beceri_temelli/11/ingilizce/11.jpg
8,11. Sınıf,42,9,ING,İngilizce,https://ogmmateryal.eba.gov.tr/panel/upload/etkilesimli/kitap/beceri_temelli/kilavuz/index.html,,https://ogmmateryal.eba.gov.tr/panel/upload/etkilesimli/kitap/beceri_temelli/kilavuz/kilavuz.zip,https://ogmmateryal.eba.gov.tr/panel/upload/etkilesimli/kitap/beceri_temelli/kilavuz/files/thumb/1.jpg
8,11. Sınıf,127,16,BING,İngilizce (Beceri Temelli),https://ogmmateryal.eba.gov.tr/panel/upload/etkilesimli/kitap/beceri_temelli/kilavuz/index.html,,https://ogmmateryal.eba.gov.tr/panel/upload/etkilesimli/kitap/beceri_temelli/kilavuz/kilavuz.zip,https://ogmmateryal.eba.gov.tr/panel/upload/etkilesimli/kitap/beceri_temelli/kilavuz/files/thumb/1.jpg
8,11. Sınıf,46,10,KIM,Kimya,https://ogmmateryal.eba.gov.tr/panel/upload/etkilesimli/kitap/beceri_temelli/11/kimya/index.html,http://ogmmateryal.eba.gov.tr/panel/upload/etkilesimli/kitap/beceri_temelli/pdf/11/kimya.pdf,https://ogmmateryal.eba.gov.tr/panel/upload/etkilesimli/kitap/beceri_temelli/11/kimya/kimya.zip,https://ogmmateryal.eba.gov.tr/panel/upload/etkilesimli/kitap/beceri_temelli/11/kimya/files/thumb/1.jpg
8,11. Sınıf,46,10,KIM,Kimya,https://ogmmateryal.eba.gov.tr/panel/upload/etkilesimli/kitap/beceri_temelli/kilavuz/index.html,,https://ogmmateryal.eba.gov.tr/panel/upload/etkilesimli/kitap/beceri_temelli/kilavuz/kilavuz.zip,https://ogmmateryal.eba.gov.tr/panel/upload/etkilesimli/kitap/beceri_temelli/kilavuz/files/thumb/1.jpg
8,11. Sınıf,50,11,MAT,Matematik,https://ogmmateryal.eba.gov.tr/panel/upload/etkilesimli/kitap/beceri_temelli/11/matematik/index.html,http://ogmmateryal.eba.gov.tr/panel/upload/etkilesimli/kitap/beceri_temelli/pdf/11/matematik.pdf,https://ogmmateryal.eba.gov.tr/panel/upload/etkilesimli/kitap/beceri_temelli/11/matematik/matematik.zip,https://ogmmateryal.eba.gov.tr/panel/upload/etkilesimli/kitap/beceri_temelli/11/matematik/files/thumb/1.jpg
8,11. Sınıf,50,11,MAT,Matematik,https://ogmmateryal.eba.gov.tr/panel/upload/etkilesimli/kitap/beceri_temelli/kilavuz/index.html,,https://ogmmateryal.eba.gov.tr/panel/upload/etkilesimli/kitap/beceri_temelli/kilavuz/kilavuz.zip,https://ogmmateryal.eba.gov.tr/panel/upload/etkilesimli/kitap/beceri_temelli/kilavuz/files/thumb/1.jpg
8,11. Sınıf,52,12,MATT,Matematik Temel Düzey,https://ogmmateryal.eba.gov.tr/panel/upload/etkilesimli/kitap/beceri_temelli/kilavuz/index.html,,https://ogmmateryal.eba.gov.tr/panel/upload/etkilesimli/kitap/beceri_temelli/kilavuz/kilavuz.zip,https://ogmmateryal.eba.gov.tr/panel/upload/etkilesimli/kitap/beceri_temelli/kilavuz/files/thumb/1.jpg
8,11. Sınıf,177,28,MZK,Müzik,https://ogmmateryal.eba.gov.tr/panel/upload/etkilesimli/kitap/beceri_temelli/kilavuz/index.html,,https://ogmmateryal.eba.gov.tr/panel/upload/etkilesimli/kitap/beceri_temelli/kilavuz/kilavuz.zip,https://ogmmateryal.eba.gov.tr/panel/upload/etkilesimli/kitap/beceri_temelli/kilavuz/files/thumb/1.jpg
8,11. Sınıf,57,13,TAR,Tarih,https://ogmmateryal.eba.gov.tr/panel/upload/etkilesimli/kitap/beceri_temelli/11/tarih/index.html,http://ogmmateryal.eba.gov.tr/panel/upload/etkilesimli/kitap/beceri_temelli/pdf/11/tarih.pdf,https://ogmmateryal.eba.gov.tr/panel/upload/etkilesimli/kitap/beceri_temelli/11/tarih/tarih.zip,https://ogmmateryal.eba.gov.tr/panel/upload/etkilesimli/kitap/beceri_temelli/11/tarih/files/thumb/1.jpg
8,11. Sınıf,57,13,TAR,Tarih,https://ogmmateryal.eba.gov.tr/panel/upload/etkilesimli/kitap/beceri_temelli/kilavuz/index.html,,https://ogmmateryal.eba.gov.tr/panel/upload/etkilesimli/kitap/beceri_temelli/kilavuz/kilavuz.zip,https://ogmmateryal.eba.gov.tr/panel/upload/etkilesimli/kitap/beceri_temelli/kilavuz/files/thumb/1.jpg
8,11. Sınıf,60,14,TDE,Türk Dili ve Edebiyatı,https://ogmmateryal.eba.gov.tr/panel/upload/etkilesimli/kitap/beceri_temelli/11/turkdiliveedebiyati/index.html,http://ogmmateryal.eba.gov.tr/panel/upload/etkilesimli/kitap/beceri_temelli/pdf/11/tde.pdf,https://ogmmateryal.eba.gov.tr/panel/upload/etkilesimli/kitap/beceri_temelli/11/turkdiliveedebiyati/turkdiliveedebiyati.zip,https://ogmmateryal.eba.gov.tr/panel/upload/etkilesimli/kitap/beceri_temelli/11/turkdiliveedebiyati/files/thumb/2.jpg
8,11. Sınıf,60,14,TDE,Türk Dili ve Edebiyatı,https://ogmmateryal.eba.gov.tr/panel/upload/etkilesimli/kitap/beceri_temelli/kilavuz/index.html,,https://ogmmateryal.eba.gov.tr/panel/upload/etkilesimli/kitap/beceri_temelli/kilavuz/kilavuz.zip,https://ogmmateryal.eba.gov.tr/panel/upload/etkilesimli/kitap/beceri_temelli/kilavuz/files/thumb/1.jpg
9,12. Sınıf,8,1,BIY,Biyoloji,https://ogmmateryal.eba.gov.tr/panel/upload/etkilesimli/kitap/beceri_temelli/12/biyoloji/index.html,http://ogmmateryal.eba.gov.tr/panel/upload/etkilesimli/kitap/beceri_temelli/pdf/12/biyoloji.pdf,https://ogmmateryal.eba.gov.tr/panel/upload/etkilesimli/kitap/beceri_temelli/12/biyoloji/biyoloji.zip,https://ogmmateryal.eba.gov.tr/panel/upload/etkilesimli/kitap/beceri_temelli/12/biyoloji/files/thumb/1.jpg
9,12. Sınıf,8,1,BIY,Biyoloji,https://ogmmateryal.eba.gov.tr/panel/upload/etkilesimli/kitap/beceri_temelli/kilavuz/index.html,,https://ogmmateryal.eba.gov.tr/panel/upload/etkilesimli/kitap/beceri_temelli/kilavuz/kilavuz.zip,https://ogmmateryal.eba.gov.tr/panel/upload/etkilesimli/kitap/beceri_temelli/kilavuz/files/thumb/1.jpg
9,12. Sınıf,12,2,COG,Coğrafya,https://ogmmateryal.eba.gov.tr/panel/upload/etkilesimli/kitap/beceri_temelli/12/cografya/index.html,http://ogmmateryal.eba.gov.tr/panel/upload/etkilesimli/kitap/beceri_temelli/pdf/12/cografya.pdf,https://ogmmateryal.eba.gov.tr/panel/upload/etkilesimli/kitap/beceri_temelli/12/cografya/cografya.zip,https://ogmmateryal.eba.gov.tr/panel/upload/etkilesimli/kitap/beceri_temelli/12/cografya/files/thumb/1.jpg
9,12. Sınıf,12,2,COG,Coğrafya,https://ogmmateryal.eba.gov.tr/panel/upload/etkilesimli/kitap/beceri_temelli/kilavuz/index.html,,https://ogmmateryal.eba.gov.tr/panel/upload/etkilesimli/kitap/beceri_temelli/kilavuz/kilavuz.zip,https://ogmmateryal.eba.gov.tr/panel/upload/etkilesimli/kitap/beceri_temelli/kilavuz/files/thumb/1.jpg
9,12. Sınıf,101,14,DIKAB,Din Kültürü ve Ahlâk Bilgisi,https://ogmmateryal.eba.gov.tr/panel/upload/etkilesimli/kitap/beceri_temelli/kilavuz/index.html,,https://ogmmateryal.eba.gov.tr/panel/upload/etkilesimli/kitap/beceri_temelli/kilavuz/kilavuz.zip,https://ogmmateryal.eba.gov.tr/panel/upload/etkilesimli/kitap/beceri_temelli/kilavuz/files/thumb/1.jpg
9,12. Sınıf,19,3,FBIY,Fen Lisesi Biyoloji,https://ogmmateryal.eba.gov.tr/panel/upload/etkilesimli/kitap/beceri_temelli/kilavuz/index.html,,https://ogmmateryal.eba.gov.tr/panel/upload/etkilesimli/kitap/beceri_temelli/kilavuz/kilavuz.zip,https://ogmmateryal.eba.gov.tr/panel/upload/etkilesimli/kitap/beceri_temelli/kilavuz/files/thumb/1.jpg
9,12. Sınıf,23,4,FFIZ,Fen Lisesi Fizik,https://ogmmateryal.eba.gov.tr/panel/upload/etkilesimli/kitap/beceri_temelli/kilavuz/index.html,,https://ogmmateryal.eba.gov.tr/panel/upload/etkilesimli/kitap/beceri_temelli/kilavuz/kilavuz.zip,https://ogmmateryal.eba.gov.tr/panel/upload/etkilesimli/kitap/beceri_temelli/kilavuz/files/thumb/1.jpg
9,12. Sınıf,27,5,FKIM,Fen Lisesi Kimya,https://ogmmateryal.eba.gov.tr/panel/upload/etkilesimli/kitap/beceri_temelli/kilavuz/index.html,,https://ogmmateryal.eba.gov.tr/panel/upload/etkilesimli/kitap/beceri_temelli/kilavuz/kilavuz.zip,https://ogmmateryal.eba.gov.tr/panel/upload/etkilesimli/kitap/beceri_temelli/kilavuz/files/thumb/1.jpg
9,12. Sınıf,31,6,FMAT,Fen Lisesi Matematik,https://ogmmateryal.eba.gov.tr/panel/upload/etkilesimli/kitap/beceri_temelli/kilavuz/index.html,,https://ogmmateryal.eba.gov.tr/panel/upload/etkilesimli/kitap/beceri_temelli/kilavuz/kilavuz.zip,https://ogmmateryal.eba.gov.tr/panel/upload/etkilesimli/kitap/beceri_temelli/kilavuz/files/thumb/1.jpg
9,12. Sınıf,35,7,FIZ,Fizik,https://ogmmateryal.eba.gov.tr/panel/upload/etkilesimli/kitap/beceri_temelli/12/fizik/index.html,http://ogmmateryal.eba.gov.tr/panel/upload/etkilesimli/kitap/beceri_temelli/pdf/12/fizik.pdf,https://ogmmateryal.eba.gov.tr/panel/upload/etkilesimli/kitap/beceri_temelli/12/fizik/fizik.zip,https://ogmmateryal.eba.gov.tr/panel/upload/etkilesimli/kitap/beceri_temelli/12/fizik/files/thumb/1.jpg
9,12. Sınıf,35,7,FIZ,Fizik,https://ogmmateryal.eba.gov.tr/panel/upload/etkilesimli/kitap/beceri_temelli/kilavuz/index.html,,https://ogmmateryal.eba.gov.tr/panel/upload/etkilesimli/kitap/beceri_temelli/kilavuz/kilavuz.zip,https://ogmmateryal.eba.gov.tr/panel/upload/etkilesimli/kitap/beceri_temelli/kilavuz/files/thumb/1.jpg
9,12. Sınıf,174,23,GSN,Görsel Sanatlar,https://ogmmateryal.eba.gov.tr/panel/upload/etkilesimli/kitap/beceri_temelli/kilavuz/index.html,,https://ogmmateryal.eba.gov.tr/panel/upload/etkilesimli/kitap/beceri_temelli/kilavuz/kilavuz.zip,https://ogmmateryal.eba.gov.tr/panel/upload/etkilesimli/kitap/beceri_temelli/kilavuz/files/thumb/1.jpg
9,12. Sınıf,43,8,ING,İngilizce,https://ogmmateryal.eba.gov.tr/panel/upload/etkilesimli/kitap/beceri_temelli/12/ingilizce/index.html,http://ogmmateryal.eba.gov.tr/panel/upload/etkilesimli/kitap/beceri_temelli/pdf/12/ingilizce.pdf,https://ogmmateryal.eba.gov.tr/panel/upload/etkilesimli/kitap/beceri_temelli/12/ingilizce/ingilizce.zip,https://ogmmateryal.eba.gov.tr/panel/upload/etkilesimli/kitap/beceri_temelli/12/ingilizce/files/thumb/1.jpg
9,12. Sınıf,43,8,ING,İngilizce,,,https://ogmmateryal.eba.gov.tr/panel/upload/etkilesimli/kitap/beceri_temelli/12/ingilizce/12.zip,https://ogmmateryal.eba.gov.tr/panel/upload/etkilesimli/kitap/beceri_temelli/12/ingilizce/12.jpg
9,12. Sınıf,43,8,ING,İngilizce,https://ogmmateryal.eba.gov.tr/panel/upload/etkilesimli/kitap/beceri_temelli/kilavuz/index.html,,https://ogmmateryal.eba.gov.tr/panel/upload/etkilesimli/kitap/beceri_temelli/kilavuz/kilavuz.zip,https://ogmmateryal.eba.gov.tr/panel/upload/etkilesimli/kitap/beceri_temelli/kilavuz/files/thumb/1.jpg
9,12. Sınıf,129,15,BING,İngilizce (Beceri Temelli),https://ogmmateryal.eba.gov.tr/panel/upload/etkilesimli/kitap/beceri_temelli/kilavuz/index.html,,https://ogmmateryal.eba.gov.tr/panel/upload/etkilesimli/kitap/beceri_temelli/kilavuz/kilavuz.zip,https://ogmmateryal.eba.gov.tr/panel/upload/etkilesimli/kitap/beceri_temelli/kilavuz/files/thumb/1.jpg
9,12. Sınıf,47,9,KIM,Kimya,https://ogmmateryal.eba.gov.tr/panel/upload/etkilesimli/kitap/beceri_temelli/12/kimya/index.html,http://ogmmateryal.eba.gov.tr/panel/upload/etkilesimli/kitap/beceri_temelli/pdf/12/kimya.pdf,https://ogmmateryal.eba.gov.tr/panel/upload/etkilesimli/kitap/beceri_temelli/12/kimya/kimya.zip,https://ogmmateryal.eba.gov.tr/panel/upload/etkilesimli/kitap/beceri_temelli/12/kimya/files/thumb/1.jpg
9,12. Sınıf,47,9,KIM,Kimya,https://ogmmateryal.eba.gov.tr/panel/upload/etkilesimli/kitap/beceri_temelli/kilavuz/index.html,,https://ogmmateryal.eba.gov.tr/panel/upload/etkilesimli/kitap/beceri_temelli/kilavuz/kilavuz.zip,https://ogmmateryal.eba.gov.tr/panel/upload/etkilesimli/kitap/beceri_temelli/kilavuz/files/thumb/1.jpg
9,12. Sınıf,51,10,MAT,Matematik,https://ogmmateryal.eba.gov.tr/panel/upload/etkilesimli/kitap/beceri_temelli/12/matematik/index.html,http://ogmmateryal.eba.gov.tr/panel/upload/etkilesimli/kitap/beceri_temelli/pdf/12/matematik.pdf,https://ogmmateryal.eba.gov.tr/panel/upload/etkilesimli/kitap/beceri_temelli/12/matematik/matematik.zip,https://ogmmateryal.eba.gov.tr/panel/upload/etkilesimli/kitap/beceri_temelli/12/matematik/files/thumb/1.jpg
9,12. Sınıf,51,10,MAT,Matematik,https://ogmmateryal.eba.gov.tr/panel/upload/etkilesimli/kitap/beceri_temelli/kilavuz/index.html,,https://ogmmateryal.eba.gov.tr/panel/upload/etkilesimli/kitap/beceri_temelli/kilavuz/kilavuz.zip,https://ogmmateryal.eba.gov.tr/panel/upload/etkilesimli/kitap/beceri_temelli/kilavuz/files/thumb/1.jpg
9,12. Sınıf,53,11,MATT,Matematik Temel Düzey,https://ogmmateryal.eba.gov.tr/panel/upload/etkilesimli/kitap/beceri_temelli/kilavuz/index.html,,https://ogmmateryal.eba.gov.tr/panel/upload/etkilesimli/kitap/beceri_temelli/kilavuz/kilavuz.zip,https://ogmmateryal.eba.gov.tr/panel/upload/etkilesimli/kitap/beceri_temelli/kilavuz/files/thumb/1.jpg
9,12. Sınıf,178,24,MZK,Müzik,https://ogmmateryal.eba.gov.tr/panel/upload/etkilesimli/kitap/beceri_temelli/kilavuz/index.html,,https://ogmmateryal.eba.gov.tr/panel/upload/etkilesimli/kitap/beceri_temelli/kilavuz/kilavuz.zip,https://ogmmateryal.eba.gov.tr/panel/upload/etkilesimli/kitap/beceri_temelli/kilavuz/files/thumb/1.jpg
9,12. Sınıf,63,13,INK,T.C. İnkılap Tarihi ve Atatürkçülük,https://ogmmateryal.eba.gov.tr/panel/upload/etkilesimli/kitap/beceri_temelli/12/tarih/index.html,http://ogmmateryal.eba.gov.tr/panel/upload/etkilesimli/kitap/beceri_temelli/pdf/12/tarih.pdf,https://ogmmateryal.eba.gov.tr/panel/upload/etkilesimli/kitap/beceri_temelli/12/tarih/tarih.zip,https://ogmmateryal.eba.gov.tr/panel/upload/etkilesimli/kitap/beceri_temelli/12/tarih/files/mobile/1.jpg
9,12. Sınıf,63,13,INK,T.C. İnkılap Tarihi ve Atatürkçülük,https://ogmmateryal.eba.gov.tr/panel/upload/etkilesimli/kitap/beceri_temelli/kilavuz/index.html,,https://ogmmateryal.eba.gov.tr/panel/upload/etkilesimli/kitap/beceri_temelli/kilavuz/kilavuz.zip,https://ogmmateryal.eba.gov.tr/panel/upload/etkilesimli/kitap/beceri_temelli/kilavuz/files/thumb/1.jpg
9,12. Sınıf,61,12,TDE,Türk Dili ve Edebiyatı,https://ogmmateryal.eba.gov.tr/panel/upload/etkilesimli/kitap/beceri_temelli/12/turkdiliveedebiyati/index.html,http://ogmmateryal.eba.gov.tr/panel/upload/etkilesimli/kitap/beceri_temelli/pdf/12/tde.pdf,https://ogmmateryal.eba.gov.tr/panel/upload/etkilesimli/kitap/beceri_temelli/12/turkdiliveedebiyati/turkdiliveedebiyati.zip,https://ogmmateryal.eba.gov.tr/panel/upload/etkilesimli/kitap/beceri_temelli/12/turkdiliveedebiyati/files/thumb/1.jpg
9,12. Sınıf,61,12,TDE,Türk Dili ve Edebiyatı,https://ogmmateryal.eba.gov.tr/panel/upload/etkilesimli/kitap/beceri_temelli/kilavuz/index.html,,https://ogmmateryal.eba.gov.tr/panel/upload/etkilesimli/kitap/beceri_temelli/kilavuz/kilavuz.zip,https://ogmmateryal.eba.gov.tr/panel/upload/etkilesimli/kitap/beceri_temelli/kilavuz/files/thumb/1.jpg
1,A1.1,1,1,ALM,Almanca,https://ogmmateryal.eba.gov.tr/panel/upload/etkilesimli/kitap/beceri_temelli/a11/almanca/index.html,http://ogmmateryal.eba.gov.tr/panel/upload/etkilesimli/kitap/beceri_temelli/pdf/A1.1/almanca.pdf,https://ogmmateryal.eba.gov.tr/panel/upload/etkilesimli/kitap/beceri_temelli/a11/almanca/almanca.zip,https://ogmmateryal.eba.gov.tr/panel/upload/etkilesimli/kitap/beceri_temelli/a11/almanca/files/thumb/1.jpg
1,A1.1,1,1,ALM,Almanca,,,https://ogmmateryal.eba.gov.tr/panel/upload/etkilesimli/kitap/beceri_temelli/a11/almanca/Almanca-A1.1-2020.zip,https://ogmmateryal.eba.gov.tr/panel/upload/etkilesimli/kitap/beceri_temelli/a11/almanca/kapak.jpg
1,A1.1,1,1,ALM,Almanca,https://ogmmateryal.eba.gov.tr/panel/upload/etkilesimli/kitap/beceri_temelli/kilavuz/index.html,,https://ogmmateryal.eba.gov.tr/panel/upload/etkilesimli/kitap/beceri_temelli/kilavuz/kilavuz.zip,https://ogmmateryal.eba.gov.tr/panel/upload/etkilesimli/kitap/beceri_temelli/kilavuz/files/thumb/1.jpg
1,A1.1,36,2,FRN,Fransızca,https://ogmmateryal.eba.gov.tr/panel/upload/etkilesimli/kitap/beceri_temelli/kilavuz/index.html,,https://ogmmateryal.eba.gov.tr/panel/upload/etkilesimli/kitap/beceri_temelli/kilavuz/kilavuz.zip,https://ogmmateryal.eba.gov.tr/panel/upload/etkilesimli/kitap/beceri_temelli/kilavuz/files/thumb/1.jpg
2,A1.2,2,1,ALM,Almanca,https://ogmmateryal.eba.gov.tr/panel/upload/etkilesimli/kitap/beceri_temelli/a12/almanca/index.html,http://ogmmateryal.eba.gov.tr/panel/upload/etkilesimli/kitap/beceri_temelli/pdf/A1.2/almanca.pdf,https://ogmmateryal.eba.gov.tr/panel/upload/etkilesimli/kitap/beceri_temelli/a12/almanca/almanca.zip,https://ogmmateryal.eba.gov.tr/panel/upload/etkilesimli/kitap/beceri_temelli/a12/almanca/files/thumb/1.jpg
2,A1.2,2,1,ALM,Almanca,,,https://ogmmateryal.eba.gov.tr/panel/upload/etkilesimli/kitap/beceri_temelli/a12/almanca/Almanca-A1.2-Ses-Dosyalari.zip,https://ogmmateryal.eba.gov.tr/panel/upload/etkilesimli/kitap/beceri_temelli/a12/almanca/kapak.jpg
2,A1.2,2,1,ALM,Almanca,https://ogmmateryal.eba.gov.tr/panel/upload/etkilesimli/kitap/beceri_temelli/kilavuz/index.html,,https://ogmmateryal.eba.gov.tr/panel/upload/etkilesimli/kitap/beceri_temelli/kilavuz/kilavuz.zip,https://ogmmateryal.eba.gov.tr/panel/upload/etkilesimli/kitap/beceri_temelli/kilavuz/files/thumb/1.jpg
2,A1.2,37,2,FRN,Fransızca,https://ogmmateryal.eba.gov.tr/panel/upload/etkilesimli/kitap/beceri_temelli/kilavuz/index.html,,https://ogmmateryal.eba.gov.tr/panel/upload/etkilesimli/kitap/beceri_temelli/kilavuz/kilavuz.zip,https://ogmmateryal.eba.gov.tr/panel/upload/etkilesimli/kitap/beceri_temelli/kilavuz/files/thumb/1.jpg
3,A2.1,4,1,ALM,Almanca,https://ogmmateryal.eba.gov.tr/panel/upload/etkilesimli/kitap/beceri_temelli/a21/almanca/index.html,http://ogmmateryal.eba.gov.tr/panel/upload/etkilesimli/kitap/beceri_temelli/pdf/A2.1/almanca.pdf,https://ogmmateryal.eba.gov.tr/panel/upload/etkilesimli/kitap/beceri_temelli/a21/almanca/almanca.zip,https://ogmmateryal.eba.gov.tr/panel/upload/etkilesimli/kitap/beceri_temelli/a21/almanca/files/thumb/1.jpg
3,A2.1,4,1,ALM,Almanca,,,https://ogmmateryal.eba.gov.tr/panel/upload/etkilesimli/kitap/beceri_temelli/a21/almanca/Almanca-A2.1-Ses-Dosyalari.zip,https://ogmmateryal.eba.gov.tr/panel/upload/etkilesimli/kitap/beceri_temelli/a21/almanca/kapak.jpg
3,A2.1,4,1,ALM,Almanca,https://ogmmateryal.eba.gov.tr/panel/upload/etkilesimli/kitap/beceri_temelli/kilavuz/index.html,,https://ogmmateryal.eba.gov.tr/panel/upload/etkilesimli/kitap/beceri_temelli/kilavuz/kilavuz.zip,https://ogmmateryal.eba.gov.tr/panel/upload/etkilesimli/kitap/beceri_temelli/kilavuz/files/thumb/1.jpg
3,A2.1,38,2,FRN,Fransızca,https://ogmmateryal.eba.gov.tr/panel/upload/etkilesimli/kitap/beceri_temelli/kilavuz/index.html,,https://ogmmateryal.eba.gov.tr/panel/upload/etkilesimli/kitap/beceri_temelli/kilavuz/kilavuz.zip,https://ogmmateryal.eba.gov.tr/panel/upload/etkilesimli/kitap/beceri_temelli/kilavuz/files/thumb/1.jpg
6,9. Sınıf (2017-23 Müfredatı),181,33,BED,Beden Eğitimi ve Spor,https://ogmmateryal.eba.gov.tr/panel/upload/etkilesimli/kitap/beceri_temelli/kilavuz/index.html,,https://ogmmateryal.eba.gov.tr/panel/upload/etkilesimli/kitap/beceri_temelli/kilavuz/kilavuz.zip,https://ogmmateryal.eba.gov.tr/panel/upload/etkilesimli/kitap/beceri_temelli/kilavuz/files/thumb/1.jpg
6,9. Sınıf (2017-23 Müfredatı),5,1,BIY,Biyoloji,https://ogmmateryal.eba.gov.tr/panel/upload/etkilesimli/kitap/beceri_temelli/9/biyoloji/index.html,http://ogmmateryal.eba.gov.tr/panel/upload/etkilesimli/kitap/beceri_temelli/pdf/9/biyoloji.pdf,https://ogmmateryal.eba.gov.tr/panel/upload/etkilesimli/kitap/beceri_temelli/9/biyoloji/biyoloji.zip,https://ogmmateryal.eba.gov.tr/panel/upload/etkilesimli/kitap/beceri_temelli/9/biyoloji/files/thumb/1.jpg
6,9. Sınıf (2017-23 Müfredatı),5,1,BIY,Biyoloji,https://ogmmateryal.eba.gov.tr/panel/upload/etkilesimli/kitap/beceri_temelli/kilavuz/index.html,,https://ogmmateryal.eba.gov.tr/panel/upload/etkilesimli/kitap/beceri_temelli/kilavuz/kilavuz.zip,https://ogmmateryal.eba.gov.tr/panel/upload/etkilesimli/kitap/beceri_temelli/kilavuz/files/thumb/1.jpg
6,9. Sınıf (2017-23 Müfredatı),9,2,COG,Coğrafya,https://ogmmateryal.eba.gov.tr/panel/upload/etkilesimli/kitap/beceri_temelli/9/cografya/index.html,http://ogmmateryal.eba.gov.tr/panel/upload/etkilesimli/kitap/beceri_temelli/pdf/9/cografya.pdf,https://ogmmateryal.eba.gov.tr/panel/upload/etkilesimli/kitap/beceri_temelli/9/cografya/cografya.zip,https://ogmmateryal.eba.gov.tr/panel/upload/etkilesimli/kitap/beceri_temelli/9/cografya/files/thumb/1.jpg
6,9. Sınıf (2017-23 Müfredatı),9,2,COG,Coğrafya,https://ogmmateryal.eba.gov.tr/panel/upload/etkilesimli/kitap/beceri_temelli/kilavuz/index.html,,https://ogmmateryal.eba.gov.tr/panel/upload/etkilesimli/kitap/beceri_temelli/kilavuz/kilavuz.zip,https://ogmmateryal.eba.gov.tr/panel/upload/etkilesimli/kitap/beceri_temelli/kilavuz/files/thumb/1.jpg
6,9. Sınıf (2017-23 Müfredatı),98,14,DIKAB,Din Kültürü ve Ahlâk Bilgisi,https://ogmmateryal.eba.gov.tr/panel/upload/etkilesimli/kitap/beceri_temelli/kilavuz/index.html,,https://ogmmateryal.eba.gov.tr/panel/upload/etkilesimli/kitap/beceri_temelli/kilavuz/kilavuz.zip,https://ogmmateryal.eba.gov.tr/panel/upload/etkilesimli/kitap/beceri_temelli/kilavuz/files/thumb/1.jpg
6,9. Sınıf (2017-23 Müfredatı),16,3,FBIY,Fen Lisesi Biyoloji,https://ogmmateryal.eba.gov.tr/panel/upload/etkilesimli/kitap/beceri_temelli/kilavuz/index.html,,https://ogmmateryal.eba.gov.tr/panel/upload/etkilesimli/kitap/beceri_temelli/kilavuz/kilavuz.zip,https://ogmmateryal.eba.gov.tr/panel/upload/etkilesimli/kitap/beceri_temelli/kilavuz/files/thumb/1.jpg
6,9. Sınıf (2017-23 Müfredatı),20,4,FFIZ,Fen Lisesi Fizik,https://ogmmateryal.eba.gov.tr/panel/upload/etkilesimli/kitap/beceri_temelli/kilavuz/index.html,,https://ogmmateryal.eba.gov.tr/panel/upload/etkilesimli/kitap/beceri_temelli/kilavuz/kilavuz.zip,https://ogmmateryal.eba.gov.tr/panel/upload/etkilesimli/kitap/beceri_temelli/kilavuz/files/thumb/1.jpg
6,9. Sınıf (2017-23 Müfredatı),24,5,FKIM,Fen Lisesi Kimya,https://ogmmateryal.eba.gov.tr/panel/upload/etkilesimli/kitap/beceri_temelli/kilavuz/index.html,,https://ogmmateryal.eba.gov.tr/panel/upload/etkilesimli/kitap/beceri_temelli/kilavuz/kilavuz.zip,https://ogmmateryal.eba.gov.tr/panel/upload/etkilesimli/kitap/beceri_temelli/kilavuz/files/thumb/1.jpg
6,9. Sınıf (2017-23 Müfredatı),28,6,FMAT,Fen Lisesi Matematik,https://ogmmateryal.eba.gov.tr/panel/upload/etkilesimli/kitap/beceri_temelli/kilavuz/index.html,,https://ogmmateryal.eba.gov.tr/panel/upload/etkilesimli/kitap/beceri_temelli/kilavuz/kilavuz.zip,https://ogmmateryal.eba.gov.tr/panel/upload/etkilesimli/kitap/beceri_temelli/kilavuz/files/thumb/1.jpg
6,9. Sınıf (2017-23 Müfredatı),32,7,FIZ,Fizik,https://ogmmateryal.eba.gov.tr/panel/upload/etkilesimli/kitap/beceri_temelli/9/fizik/index.html,http://ogmmateryal.eba.gov.tr/panel/upload/etkilesimli/kitap/beceri_temelli/pdf/9/fizik.pdf,https://ogmmateryal.eba.gov.tr/panel/upload/etkilesimli/kitap/beceri_temelli/9/fizik/fizik.zip,https://ogmmateryal.eba.gov.tr/panel/upload/etkilesimli/kitap/beceri_temelli/9/fizik/files/thumb/1.jpg
6,9. Sınıf (2017-23 Müfredatı),32,7,FIZ,Fizik,https://ogmmateryal.eba.gov.tr/panel/upload/etkilesimli/kitap/beceri_temelli/kilavuz/index.html,,https://ogmmateryal.eba.gov.tr/panel/upload/etkilesimli/kitap/beceri_temelli/kilavuz/kilavuz.zip,https://ogmmateryal.eba.gov.tr/panel/upload/etkilesimli/kitap/beceri_temelli/kilavuz/files/thumb/1.jpg
6,9. Sınıf (2017-23 Müfredatı),171,23,GSN,Görsel Sanatlar,https://ogmmateryal.eba.gov.tr/panel/upload/etkilesimli/kitap/beceri_temelli/kilavuz/index.html,,https://ogmmateryal.eba.gov.tr/panel/upload/etkilesimli/kitap/beceri_temelli/kilavuz/kilavuz.zip,https://ogmmateryal.eba.gov.tr/panel/upload/etkilesimli/kitap/beceri_temelli/kilavuz/files/thumb/1.jpg
6,9. Sınıf (2017-23 Müfredatı),40,8,ING,İngilizce,https://ogmmateryal.eba.gov.tr/panel/upload/etkilesimli/kitap/beceri_temelli/9/ing/index.html,http://ogmmateryal.eba.gov.tr/panel/upload/etkilesimli/kitap/beceri_temelli/pdf/9/ingilizce.pdf,https://ogmmateryal.eba.gov.tr/panel/upload/etkilesimli/kitap/beceri_temelli/9/ing/ingilizce.zip,https://ogmmateryal.eba.gov.tr/panel/upload/etkilesimli/kitap/beceri_temelli/9/ingilizce/files/thumb/1.jpg
6,9. Sınıf (2017-23 Müfredatı),40,8,ING,İngilizce,,,https://ogmmateryal.eba.gov.tr/panel/upload/etkilesimli/kitap/beceri_temelli/9/ingilizce/9.zip,https://ogmmateryal.eba.gov.tr/panel/upload/etkilesimli/kitap/beceri_temelli/9/ingilizce/9.jpg
6,9. Sınıf (2017-23 Müfredatı),40,8,ING,İngilizce,https://ogmmateryal.eba.gov.tr/panel/upload/etkilesimli/kitap/beceri_temelli/kilavuz/index.html,,https://ogmmateryal.eba.gov.tr/panel/upload/etkilesimli/kitap/beceri_temelli/kilavuz/kilavuz.zip,https://ogmmateryal.eba.gov.tr/panel/upload/etkilesimli/kitap/beceri_temelli/kilavuz/files/thumb/1.jpg
6,9. Sınıf (2017-23 Müfredatı),125,15,BING,İngilizce (Beceri Temelli),https://ogmmateryal.eba.gov.tr/panel/upload/etkilesimli/kitap/beceri_temelli/kilavuz/index.html,,https://ogmmateryal.eba.gov.tr/panel/upload/etkilesimli/kitap/beceri_temelli/kilavuz/kilavuz.zip,https://ogmmateryal.eba.gov.tr/panel/upload/etkilesimli/kitap/beceri_temelli/kilavuz/files/thumb/1.jpg
6,9. Sınıf (2017-23 Müfredatı),44,9,KIM,Kimya,https://ogmmateryal.eba.gov.tr/panel/upload/etkilesimli/kitap/beceri_temelli/9/kimya/index.html,http://ogmmateryal.eba.gov.tr/panel/upload/etkilesimli/kitap/beceri_temelli/pdf/9/kimya.pdf,https://ogmmateryal.eba.gov.tr/panel/upload/etkilesimli/kitap/beceri_temelli/9/kimya/kimya.zip,https://ogmmateryal.eba.gov.tr/panel/upload/etkilesimli/kitap/beceri_temelli/9/kimya/files/thumb/1.jpg
6,9. Sınıf (2017-23 Müfredatı),44,9,KIM,Kimya,https://ogmmateryal.eba.gov.tr/panel/upload/etkilesimli/kitap/beceri_temelli/kilavuz/index.html,,https://ogmmateryal.eba.gov.tr/panel/upload/etkilesimli/kitap/beceri_temelli/kilavuz/kilavuz.zip,https://ogmmateryal.eba.gov.tr/panel/upload/etkilesimli/kitap/beceri_temelli/kilavuz/files/thumb/1.jpg
6,9. Sınıf (2017-23 Müfredatı),48,10,MAT,Matematik,https://ogmmateryal.eba.gov.tr/panel/upload/etkilesimli/kitap/beceri_temelli/9/matematik/index.html,http://ogmmateryal.eba.gov.tr/panel/upload/etkilesimli/kitap/beceri_temelli/pdf/9/matematik.pdf,https://ogmmateryal.eba.gov.tr/panel/upload/etkilesimli/kitap/beceri_temelli/9/matematik/matematik.zip,https://ogmmateryal.eba.gov.tr/panel/upload/etkilesimli/kitap/beceri_temelli/9/matematik/files/thumb/1.jpg
6,9. Sınıf (2017-23 Müfredatı),48,10,MAT,Matematik,https://ogmmateryal.eba.gov.tr/panel/upload/etkilesimli/kitap/beceri_temelli/9/matematik-modelleme/index.html,,https://ogmmateryal.eba.gov.tr/panel/upload/etkilesimli/kitap/beceri_temelli/9/matematik-modelleme/matematik-modelleme.zip,https://ogmmateryal.eba.gov.tr/panel/upload/etkilesimli/kitap/beceri_temelli/9/matematik-modelleme/files/thumb/1.jpg
6,9. Sınıf (2017-23 Müfredatı),48,10,MAT,Matematik,https://ogmmateryal.eba.gov.tr/panel/upload/etkilesimli/kitap/beceri_temelli/kilavuz/index.html,,https://ogmmateryal.eba.gov.tr/panel/upload/etkilesimli/kitap/beceri_temelli/kilavuz/kilavuz.zip,https://ogmmateryal.eba.gov.tr/panel/upload/etkilesimli/kitap/beceri_temelli/kilavuz/files/thumb/1.jpg
6,9. Sınıf (2017-23 Müfredatı),175,24,MZK,Müzik,https://ogmmateryal.eba.gov.tr/panel/upload/etkilesimli/kitap/beceri_temelli/kilavuz/index.html,,https://ogmmateryal.eba.gov.tr/panel/upload/etkilesimli/kitap/beceri_temelli/kilavuz/kilavuz.zip,https://ogmmateryal.eba.gov.tr/panel/upload/etkilesimli/kitap/beceri_temelli/kilavuz/files/thumb/1.jpg
6,9. Sınıf (2017-23 Müfredatı),54,11,SBTK,Sağlık Bilgisi ve Trafik Kültürü,https://ogmmateryal.eba.gov.tr/panel/upload/etkilesimli/kitap/beceri_temelli/kilavuz/index.html,,https://ogmmateryal.eba.gov.tr/panel/upload/etkilesimli/kitap/beceri_temelli/kilavuz/kilavuz.zip,https://ogmmateryal.eba.gov.tr/panel/upload/etkilesimli/kitap/beceri_temelli/kilavuz/files/thumb/1.jpg
6,9. Sınıf (2017-23 Müfredatı),55,12,TAR,Tarih,https://ogmmateryal.eba.gov.tr/panel/upload/etkilesimli/kitap/beceri_temelli/9/tarih/index.html,http://ogmmateryal.eba.gov.tr/panel/upload/etkilesimli/kitap/beceri_temelli/pdf/9/tarih.pdf,https://ogmmateryal.eba.gov.tr/panel/upload/etkilesimli/kitap/beceri_temelli/9/tarih/tarih.zip,https://ogmmateryal.eba.gov.tr/panel/upload/etkilesimli/kitap/beceri_temelli/9/tarih/files/thumb/1.jpg
6,9. Sınıf (2017-23 Müfredatı),55,12,TAR,Tarih,https://ogmmateryal.eba.gov.tr/panel/upload/etkilesimli/kitap/beceri_temelli/kilavuz/index.html,,https://ogmmateryal.eba.gov.tr/panel/upload/etkilesimli/kitap/beceri_temelli/kilavuz/kilavuz.zip,https://ogmmateryal.eba.gov.tr/panel/upload/etkilesimli/kitap/beceri_temelli/kilavuz/files/thumb/1.jpg
6,9. Sınıf (2017-23 Müfredatı),58,13,TDE,Türk Dili ve Edebiyatı,https://ogmmateryal.eba.gov.tr/panel/upload/etkilesimli/kitap/beceri_temelli/9/turkdiliveedebiyati/index.html,http://ogmmateryal.eba.gov.tr/panel/upload/etkilesimli/kitap/beceri_temelli/pdf/9/tde.pdf,https://ogmmateryal.eba.gov.tr/panel/upload/etkilesimli/kitap/beceri_temelli/9/turkdiliveedebiyati/turkdiliveedebiyati.zip,https://ogmmateryal.eba.gov.tr/panel/upload/etkilesimli/kitap/beceri_temelli/9/turkdiliveedebiyati/files/thumb/1.jpg
6,9. Sınıf (2017-23 Müfredatı),58,13,TDE,Türk Dili ve Edebiyatı,https://ogmmateryal.eba.gov.tr/panel/upload/etkilesimli/kitap/beceri_temelli/kilavuz/index.html,,https://ogmmateryal.eba.gov.tr/panel/upload/etkilesimli/kitap/beceri_temelli/kilavuz/kilavuz.zip,https://ogmmateryal.eba.gov.tr/panel/upload/etkilesimli/kitap/beceri_temelli/kilavuz/files/thumb/1.jpg
